<?xml version="1.0"?>
<doc>
    <assembly>
        <name>ThoughtWorks.Selenium.UnitTests</name>
    </assembly>
    <members>
        <member name="T:ThoughtWorks.Selenium.UnitTests.DefaultSelenesCommandTest">
            <summary>
            Summary description for DefaultSelenesCommandTest.
            </summary>
        </member>
        <member name="T:ThoughtWorks.Selenium.UnitTests.DefaultSeleniumTest">
            <summary>
            Summary description for DefaultSeleniumTestCase.
            </summary>
        </member>
    </members>
</doc>
